Workbook

Sheet 补强清单
A1: 编号 | B1: 优先级 | C1: 补强点 | D1: 具体做法 | E1: 涉及章节/图表 | F1: 解决的问题 | G1: 类型 | H1: 预估工作量 | I1: 最小必做集 | J1: 状态 | K1: 负责人 | L1: 截止日期 | M1: 备注
A2: 1 | B2: P0 | C2: 结论前后一致 | D2: 摘要和贡献中补上负面结果（机理增量在 next-command 窗口失效）；给出量化增益；弱化“unified view” | E2: Abstract、I、VI | F2: 结论被认为夸大 | G2: 改写 | H2: 低 | I2: 是 | J2: 已完成 | K2: Claude Code（待 Ruifeng 审阅） | L2: 2026-10-07 | M2: 摘要与贡献写入下一命令窗口 +7.2% 的负面结果及原因；增益量化（9.1%/4.5%，扣除噪声地板 18.8%/9.8%；oracle 差距 42–45%）；删去 unified view
A3: 2 | B3: P0 | C3: 符号与命名 | D3: 修正 τ、D、q、A/C/H 的符号冲突；预测器改用描述性名称；增加预测器特征表 | E3: II、III | F3: 可读性差、易混淆 | G3: 改写 | H3: 低 | I3: 是 | J3: 已完成 | K3: Claude Code（待 Ruifeng 审阅） | L3: 2026-10-07 | M3: τ 仅表示等待，滤波尺度改 ℓ；D→T_f，条件集→𝒦；q_τ→v_ℓ；c_R→ũ；预测器改为 Persist/Current/Filter/Lag/Filter+B3/Lag+B3/F+B3+Input；新增 Table I 特征表
A4: 3 | B4: P0 | C4: 精简篇幅 | D4: 归一化、滞后填充等细节移到仓库；散落的限定语集中到 V-E | E4: IV-A、V、V-E | F4: 可读性差 | G4: 改写 | H4: 低 | I4: 是 | J4: 已完成 | K4: Claude Code（待 Ruifeng 审阅） | L4: 2026-10-07 | M4: 细节移到 paper/supplementary_details.md；原 Table IV 移出正文；限定语集中到 V-G；全文由 7 页缩到 6 页（含参考文献）
A5: 4 | B5: P0 | C5: MC 文献定位 | D5: 补充带记忆的接收机、guard interval 优化、序贯检测/最优停止相关文献并对比 | E5: I | F5: 定位不清 | G5: 改写 | H5: 低 | I5: 是 | J5: 已完成 | K5: Claude Code（待 Ruifeng 审阅） | L5: 2026-10-07 | M5: 新增 Kilinc&Akan 2013、Mosayebi 2014、Cao 2020、Tung&Mitra 2018、Wald 1945、Poor&Hadjiliadis 2009 并在引言对比；3 篇未附 DOI，投稿前请核对
A6: 5 | B6: P1 | C6: 决策部分新指标 | D6: 报告 oracle 差距缩小比例（33–38%）；可靠性约束改为逐历史满足；以可靠性-时延前沿作主图 | E6: II-C、IV-B、V-C、Table III、Fig. 3 | F6: 增益显得小 | G6: 新分析 | H6: 中 | I6: 是 | J6: 已完成 | K6: Claude Code（待 Ruifeng 审阅） | L6: 2026-10-07 | M6: b3_waiting_frontier.py：合并约束下 oracle 差距弥合 33%/38%；逐历史约束目标 0.94 时全部规则 20/20 达标，弥合 42–45%（7.2–7.7 min）；新 Fig. 3(a,b) 前沿、新 Table IV
A7: 6 | B7: P1 | C7: 预测部分新指标 | D7: 预测时域加长到 h = 20、30 min；扣除噪声地板后报告 skill score；改用与决策相关的误差指标 | E7: IV-B、V-A/B、Table II | F7: 增益显得小 | G7: 新分析 | H7: 中 | I7: 否 | J7: 已完成 | K7: Claude Code（待 Ruifeng 审阅） | L7: 2026-10-07 | M7: nested_extensions.py：h=20/30；噪声地板 0.006–0.009；Filter+B3 skill 15.5%(10 min)、21%(20–30 min)；决策相关指标=半衰减穿越平衡准确率；Table III(c)
A8: 7 | B8: P1 | C8: 统计与设定依据 | D8: 预测结果加 bootstrap 区间；补 oracle 成功率随 κ 变化的曲线；说明 κ 和 D 的取值依据 | E8: II-C、V-A、V-E | F8: 统计依据不足、设定显得人为 | G8: 新分析 | H8: 低–中 | I8: 否 | J8: 已完成 | K8: Claude Code（待 Ruifeng 审阅） | L8: 2026-10-07 | M8: 细胞分层 bootstrap 区间（Table III(c) 与正文）；oracle 成功率随 κ（0.30–0.70）写入 Sec. II，κ=0.5 为 >99% 的最大值；T_f=140 依据及 160–260 敏感性
A9: 8 | B9: P2 | C9: 延迟 d 与条件图 | D9: 引入传输延迟 d 和 B3-predictive 规则；扫描 d、采样间隔、噪声，得到条件图；对照组用“smoothed + 斜率” | E9: II、III-B、V-C（新小节）、Fig. 3 | F9: 前后两部分脱节；何时需要机理模型 | G9: 新仿真 | H9: 高 | I9: 是 | J9: 已完成 | K9: Claude Code（待 Ruifeng 审阅） | L9: 2026-10-07 | M9: b3_delay_map.py：d×Δ×噪声共 45 格×20 次划分；nowcast 在 d≥20 失效；高噪声时 B3 预测快 0.9–5.5 min，低噪声/密集采样时平滑+斜率更快；新 Fig. 3(c,d)
A10: 9 | B10: P2 | C10: 修补 next-command 窗口 | D10: 按阶段门控（O/M 切换或加权）或残差式混合模型，纠正脉冲起始处的偏差 | E10: III-A、V-A/B | F10: 最大的负面结果 | G10: 新方法 | H10: 中 | I10: 否 | J10: 已完成 | K10: Claude Code（待 Ruifeng 审阅） | L10: 2026-10-07 | M10: 负面结果：阶段切换被训练数据否决，阶段交互权重使下一命令误差升至 0.03571；训练协议无"长命令后探测"情形，正文如实报告
A11: 10 | B11: P2 | C11: 真实数据决策验证 | D11: 用 3/20 脉冲和 mixed 协议中的第二个脉冲作为自然 probe，在真实数据上评估等待规则 | E11: V（新小节） | F11: 决策只有仿真结果 | G11: 新分析 | H11: 中–高 | I11: 否 | J11: 已完成 | K11: Claude Code（待 Ruifeng 审阅） | L11: 2026-10-07 | M11: natural_probe.py：25 ng/ml 3/20 后续脉冲与 mixed 第三脉冲；无错误"就绪"判定，3/20 首个探测 19% 被漏判；B3 高估长命令后恢复（31% vs 4%）。只评价就绪判定，不评价完成时间
A12: 11 | B12: P3 | C12: 可靠性保证 | D12: 用 conformal risk control 校准停止阈值，给出有限样本可靠性保证 | E12: III-B、V-C | F12: 90% 目标无覆盖保证 | G12: 新方法 | H12: 高 | I12: 否 | J12: 暂缓 | K12: Claude Code（待 Ruifeng 审阅） | L12: 2026-10-07 | M12: 留给期刊版
A13: 12 | B13: P3 | C13: 策略优化 | D13: 建模为 POMDP/最优停止，联合优化幅度、时长和时机 | E13: III-B、V | F13: 只比较了阈值规则 | G13: 新方法 | H13: 高 | I13: 否 | J13: 暂缓 | K13: Claude Code（待 Ruifeng 审阅） | L13: 2026-10-07 | M13: 留给期刊版
... A16: 15 | B16: P3 | C16: 前瞻实验 | D16: 随机化 3/30 min 预处理、同 session 对照、以 session 为单位计数 | E16: VI | F16: 缺少实验端验证 | G16: 新实验 | H16: 很高 | I16: 否 | J16: 暂缓 | K16: Claude Code（待 Ruifeng 审阅） | L16: 2026-10-07 | M16: 需湿实验；见 AI_MC_Complete_Validation_Plan_ZH.md 与 validation_kit/

Sheet 进度汇总
A1: 优先级 | B1: 事项数 | C1: 已完成 | D1: 进行中 | E1: 未开始 | F1: 暂缓 | G1: 完成率
A2: P0 必做 | B2: =COUNTIF(补强清单!$B$2:$B$100,"P0") | C2: =COUNTIFS(补强清单!$B$2:$B$100,"P0",补强清单!$J$2:$J$100,"已完成") | D2: =COUNTIFS(补强清单!$B$2:$B$100,"P0",补强清单!$J$2:$J$100,"进行中") | E2: =COUNTIFS(补强清单!$B$2:$B$100,"P0",补强清单!$J$2:$J$100,"未开始") | F2: =COUNTIFS(补强清单!$B$2:$B$100,"P0",补强清单!$J$2:$J$100,"暂缓") | G2: =IFERROR(C2/B2,0)
A3: P1 高价值 | B3: =COUNTIF(补强清单!$B$2:$B$100,"P1") | C3: =COUNTIFS(补强清单!$B$2:$B$100,"P1",补强清单!$J$2:$J$100,"已完成") | D3: =COUNTIFS(补强清单!$B$2:$B$100,"P1",补强清单!$J$2:$J$100,"进行中") | E3: =COUNTIFS(补强清单!$B$2:$B$100,"P1",补强清单!$J$2:$J$100,"未开始") | F3: =COUNTIFS(补强清单!$B$2:$B$100,"P1",补强清单!$J$2:$J$100,"暂缓") | G3: =IFERROR(C3/B3,0)
A4: P2 核心增量 | B4: =COUNTIF(补强清单!$B$2:$B$100,"P2") | C4: =COUNTIFS(补强清单!$B$2:$B$100,"P2",补强清单!$J$2:$J$100,"已完成") | D4: =COUNTIFS(补强清单!$B$2:$B$100,"P2",补强清单!$J$2:$J$100,"进行中") | E4: =COUNTIFS(补强清单!$B$2:$B$100,"P2",补强清单!$J$2:$J$100,"未开始") | F4: =COUNTIFS(补强清单!$B$2:$B$100,"P2",补强清单!$J$2:$J$100,"暂缓") | G4: =IFERROR(C4/B4,0)
A5: P3 期刊版 | B5: =COUNTIF(补强清单!$B$2:$B$100,"P3") | C5: =COUNTIFS(补强清单!$B$2:$B$100,"P3",补强清单!$J$2:$J$100,"已完成") | D5: =COUNTIFS(补强清单!$B$2:$B$100,"P3",补强清单!$J$2:$J$100,"进行中") | E5: =COUNTIFS(补强清单!$B$2:$B$100,"P3",补强清单!$J$2:$J$100,"未开始") | F5: =COUNTIFS(补强清单!$B$2:$B$100,"P3",补强清单!$J$2:$J$100,"暂缓") | G5: =IFERROR(C5/B5,0)
A6: 合计 | B6: =SUM(B2:B5) | C6: =SUM(C2:C5) | D6: =SUM(D2:D5) | E6: =SUM(E2:E5) | F6: =SUM(F2:F5) | G6: =IFERROR(C6/B6,0)
A7: 最小必做集 | B7: =COUNTIF(补强清单!$I$2:$I$100,"是") | C7: =COUNTIFS(补强清单!$I$2:$I$100,"是",补强清单!$J$2:$J$100,"已完成") | D7: =COUNTIFS(补强清单!$I$2:$I$100,"是",补强清单!$J$2:$J$100,"进行中") | E7: =COUNTIFS(补强清单!$I$2:$I$100,"是",补强清单!$J$2:$J$100,"未开始") | F7: =COUNTIFS(补强清单!$I$2:$I$100,"是",补强清单!$J$2:$J$100,"暂缓") | G7: =IFERROR(C7/B7,0)
A9: 最小必做集 = P0 全部 + 决策部分新指标（逐历史约束、oracle 差距）+ 延迟 d 条件图。
A10: 本表全部由公式计算，只需在“补强清单”中更新状态。

Sheet 说明
A1: 用途 | B1: 论文《Task-Aware Reuse of Cellular Molecular Receivers》的补强清单，按投入产出比分为 P0–P3 四级。
A2: 需要填写的列 | B2: “补强清单”中浅黄色的列：状态（下拉选择）、负责人、截止日期（yyyy-mm-dd）、备注。
A3: 填写示例 | B3: 状态 = 进行中；负责人 = Ruifeng；截止日期 = 2026-10-14；备注 = 已完成符号表，待改 Table II
A4: 优先级 | B4: P0 必做（只需改写）；P1 高价值（现有数据新分析）；P2 核心增量（新仿真/新方法）；P3 留给期刊版。
A5: 预估工作量 | B5: 低 / 中 / 高 / 很高，为粗略的相对估计，不是精确工时。
A6: 原则 | B6: 所有新增分析先冻结设定再运行；原有结果全部保留，新结果作为新增冻结分析报告。
A7: 汇总 | B7: “进度汇总”按优先级和最小必做集自动统计完成率；新增行请保持在第 100 行以内。
